{
    "loss": 30.197240829467773,
    "accuracy": 0.925456702709198
}